Parent Company,Country,count
SIME DARBY PLANTATION BHD,Malaysia,30
FGV PALM INDUSTRIES SDN BHD,Malaysia,28
PERKEBUNAN NUSANTARA IV,Indonesia,16
PERKEBUNAN NUSANTARA III,Indonesia,12
PERKEBUNAN NUSANTARA V,Indonesia,12
SOCFIN INDONESIA,Indonesia,9
IOI CORPORATION BHD,Malaysia,8
NEW BRITAIN PALM OIL,Papua New Guinea,7
KUALA LUMPUR KEPONG BHD,Malaysia,7
KRESNA DUTA AGROINDO,Indonesia,6
UNITED PLANTATIONS BHD,Malaysia,4
KL-KEPONG (SABAH) SDN BHD,Malaysia,4
DHARMA SATYA NUSANTARA,Indonesia,4
SINAR MAS AGRO RESOURCES AND TECHNOLOGY,Indonesia,4
TAPIAN NADENGGAN,Indonesia,4
PERUSAHAAN PERKEBUNAN LONDON SUMATRA INDONESIA,Indonesia,4
FELCRA PROCESSING & ENGINEERING SDN BHD,Malaysia,4
PERKEBUNAN NUSANTARA XIII,Indonesia,4
PERKEBUNAN NUSANTARA II,Indonesia,4
PERKEBUNAN NUSANTARA VII,Indonesia,4
AGROPALMA,Brazil,3
HARGY OIL PALM LTD,Papua New Guinea,3
MUSIM MAS HOLDINGS PTE LTD,Indonesia,3
HINDOLI,Indonesia,3
INTI INDOSAWIT SUBUR,Indonesia,3
ADEI PLANTATION AND INDUSTRY,Indonesia,3
KULA PALM OIL LTD - HIGATURU OIL PALMS,Papua New Guinea,3
IVO MAS TUNGGAL,Indonesia,3
AGROPECUARIA SANTA MARIA S.A.,Colombia,3
SINAR KENCANA INTI PERKASA,Indonesia,3
PADASA ENAM UTAMA,Indonesia,3
PERKEBUNAN NUSANTARA I,Indonesia,3
SUMBER TANI AGUNG,Indonesia,3
PERKEBUNAN NUSANTARA VI,Indonesia,3
EPA MANAGEMENT SDN BHD,Malaysia,2
SUKAJADI SAWIT MEKAR,Indonesia,2
BHUMIREKSA NUSA SEJATI,Indonesia,2
LAGUNA MANDIRI,Indonesia,2
BOUSTEAD PLANTATIONS BHD,Malaysia,2
JEROCO PLANTATIONS SDN BHD,Malaysia,2
BUANA WIRALESTARI MAS,Indonesia,2
BINASAWIT ABADI PRATAMA,Indonesia,2
MAHAMURNI PLANTATIONS SDN BHD,Malaysia,2
AGRO MUKO,Indonesia,2
SUMBER INDAH PERKASA,Indonesia,2
EXTRACTORA LA FRANCIA / AGROCARIBE,Guatemala,2
SAWIT MAS SEJAHTERA,Indonesia,2
GUNTUNG IDAMAN NUSA,Indonesia,2
SIPEFCI,Côte d'Ivoire,2
AGRO INDOMAS,Indonesia,2
COMPAÑÍA INDUSTRIAL ACEITERA COTO 54 S.A.,Costa Rica,2
NATURACEITES S.A.,Guatemala,2
LAM SOON PLANTATIONS SDN BHD,Malaysia,2
TRI BAKTI SARIMAS,Indonesia,2
PERKEBUNAN LEMBAH BHAKTI,Indonesia,2
ABDI BUDI MULIA,Indonesia,2
MOPOLI RAYA,Indonesia,2
SURYA AGROLIKA REKSA,Indonesia,2
TASMA PUJA,Indonesia,2
TRI BAHTERA SRIKANDI,Indonesia,2
BERLIAN INTI MEKAR,Indonesia,2
KARYA AGUNG SAWITA,Indonesia,2
NAGAMAS AGRO MULIA,Indonesia,2
SARI LEMBAH SUBUR,Indonesia,2
BENGKULU SAWIT LESTARI,Indonesia,2
TEGUH KARSA WANALESTARI,Indonesia,2
KEMILAU PERMATA SAWIT,Indonesia,2
SOUTHERN REALTY (MALAYA) SDN BHD,Malaysia,2
ENSEM LESTARI,Indonesia,2
UNKNOWN,Indonesia,2
PAMOL ESTATES (SABAH) SDN BHD,Malaysia,1
AGRO WIRATAMA,Indonesia,1
SAREMAS SDN BHD,Malaysia,1
EASTERN SUMATERA INDONESIA,Indonesia,1
TOLAN TIGA INDONESIA,Indonesia,1
RAMU AGRI INDUSTRIES,Papua New Guinea,1
SIME INDO AGRO,Indonesia,1
C.I. TEQUENDAMA S.A.S.,Colombia,1
CAROTINO SDN BHD,Malaysia,1
GUADALCANAL PLAINS PALM OIL LTD,Solomon Islands,1
MAJU ANEKA SAWIT,Indonesia,1
BERKAT SAWIT SEJATI,Indonesia,1
BAKRIE SUMATERA PLANTATIONS,Indonesia,1
HAP SENG PLANTATIONS (RIVER ESTATES) SDN BHD,Malaysia,1
SYARIKAT PUKIN LADANG KELAPA SAWIT SDN BHD,Malaysia,1
"MONG RETHTHY INVESTMENT CAMBODIA OIL PALM CO., LTD",Cambodia,1
UNITED INTERNATIONAL ENTERPRISES (M) SDN BHD,Malaysia,1
PANGKATAN INDONESIA,Indonesia,1
AEK TARUM,Indonesia,1
UNGGUL LESTARI,Indonesia,1
TEGUH SEMPURNA,Indonesia,1
BAHARI GEMBIRA RIA,Indonesia,1
BINA SAINS CEMERLANG,Indonesia,1
ANEKA INTI PERSADA,Indonesia,1
BERSAMA SEJAHTERA SAKTI,Indonesia,1
INDOTRUBA TENGAH,Indonesia,1
KRIDATAMA LANCAR,Indonesia,1
LANGGENG MUARA MAKMUR,Indonesia,1
LADANGRUMPUN SUBURABADI,Indonesia,1
LAHAN TANI SAKTI,Indonesia,1
PARIPURNA SWAKARSA,Indonesia,1
TUNGGAL MITRA PLANTATIONS,Indonesia,1
KULA PALM OIL LTD - MILNE BAY ESTATES,Papua New Guinea,1
"AUSTINDO NUSANTARA JAYA AGRI ",Indonesia,1
SYARIMO SDN BHD,Malaysia,1
LADANG SABAH SDN BHD,Malaysia,1
PERKASA SUBUR SAKTI,Indonesia,1
SAJANG HEULANG,Indonesia,1
AGRO MITRA MADANI,Indonesia,1
TDM PLANTATION SDN BHD,Malaysia,1
RAMAJAYA PRAMUKTI,Indonesia,1
BUMIPALMA LESTARIPERSADA,Indonesia,1
MEGANUSA INTISAWIT,Indonesia,1
AYU SAWIT LESTARI,Indonesia,1
HARAPAN SAWIT LESTARI,Indonesia,1
SINDORA BHD,Malaysia,1
BARUMUN AGRI SENTOSA,Indonesia,1
MASKAPAI PERKEBUNAN LEIDONG WEST INDONESIA,Indonesia,1
FORESTA LESTARI DWIKARYA,Indonesia,1
PRIMA MITRAJAYA MANDIRI,Indonesia,1
SIRINGO-RINGO,Indonesia,1
BUMI SAWIT PERMAI,Indonesia,1
GAWI BAHANDEP SAWIT MEKAR,Indonesia,1
BRAHMA BINA BAKTI,Indonesia,1
DJUANDA SAWIT LESTARI,Indonesia,1
AGRO LESTARI MANDIRI,Indonesia,1
KENCANA GRAHA PERMAI,Indonesia,1
UMBUL MAS WISESA,Indonesia,1
SATYA KISMA USAHA,Indonesia,1
GAWI MAKMUR KALIMANTAN,Indonesia,1
BUMI PERMAI LESTARI,Indonesia,1
SANDIKA NATAPALMA,Indonesia,1
RIMBA MUJUR MAHKOTA,Indonesia,1
AUSTINDO NUSANTARA JAYA AGRI SIAIS,Indonesia,1
INDO SAWIT KEKAL,Indonesia,1
GENTING PLANTATIONS BERHAD,Malaysia,1
ACEITES Y DERIVADOS S.A.,Honduras,1
TIAN SIANG OILL MILL (AIR KUNING) SDN BHD,Malaysia,1
IDRIPLANT,Indonesia,1
STEELINDO WAHANA PERKASA,Indonesia,1
PALMERAS DE LA COSTA S.A.,Colombia,1
AGRO BUKIT,Indonesia,1
GUNAJAYA KARYA GEMILANG,Indonesia,1
SYARIKAT KRETAM MILL SDN BHD,Malaysia,1
ARAH KAWASAN SDN BHD,Malaysia,1
BOUSTEAD EMASTULIN SDN BHD,Malaysia,1
ENG THYE PLANTATIONS BHD,Malaysia,1
GABUNGAN PERUSAHAAN MINYAK LANGKAP SDN BHD,Malaysia,1
PARAMITRA INTERNUSA PRATAMA,Indonesia,1
HAVYS OIL MILL SDN BHD,Malaysia,1
JENG HUAT (BAHAU) REALTY SDN BHD,Malaysia,1
KESEDAR PERKILANGAN SDN BHD,Malaysia,1
HOK HUAT OIL MILL SDN BHD,Malaysia,1
KILANG KELAPA SAWIT FORTUNA SDN BHD,Malaysia,1
KILANG KELAPA SAWIT LEKIR SDN BHD,Malaysia,1
KILANG MINYAK SAWIT KAMUNTING SDN BHD,Malaysia,1
LENGA PALMOIL INDUSTRIES SDN BHD,Malaysia,1
LIZIZ PLANTATION SDN BHD,Malaysia,1
LKPP CORPORATION SDN BHD,Malaysia,1
MALPOM INDUSTRIES BHD,Malaysia,1
NAM BEE COMPANY SDN BHD,Malaysia,1
PANTAI REMIS PALM OIL MILL SDN BHD,Malaysia,1
KILANG KOSFARM SDN BHD,Malaysia,1
SETIA KAWAN KILANG KELAPA SAWIT SDN BHD,Malaysia,1
SOLID ORIENT HOLDINGS SDN BHD,Malaysia,1
SOUTHERN PERAK PLANTATIONS SDN BHD,Malaysia,1
ST PALM OIL MILL SDN BHD,Malaysia,1
SUNGAI KERANG DEVELOPMENT SDN BHD,Malaysia,1
SYARIKAT LADANG SUNGAI TERAH SDN BHD,Malaysia,1
SYARIKAT CAHAYA MUDA PERAK (OIL MILL) SDN BHD,Malaysia,1
SYARIKAT PELADANG & PERUSAHAAN MINYAK SDN BHD,Malaysia,1
TACLICO COMPANY SDN BHD,Malaysia,1
AGRO WANA LESTARI,Indonesia,1
TIAN SIANG OILL MILL (PERAK) SDN BHD,Malaysia,1
TOPAZ EMAS SDN BHD,Malaysia,1
LADANG SERASA SDN BHD,Malaysia,1
SYARIKAT PENANAMAN BUKIT SENORANG SDN BHD,Malaysia,1
GUNUNG TUA ABADI,Indonesia,1
ENTREPALMAS S.A.S.,Colombia,1
ALIANZA ORIENTAL S.A.,Colombia,1
EXTRACTORA SICARARE LTDA,Colombia,1
PALMACEITE S.A.,Colombia,1
EL ROBLE S.A,Colombia,1
KRIYA SWARNA PUBIAN,Indonesia,1
WAHANA KARYA MANDIRI KAHURIPAN,Indonesia,1
SINAR BENGKULU SELATAN,Indonesia,1
SURYA UTAMA NABATI,Indonesia,1
GARUDA BUMI PERKASA,Indonesia,1
SURYABUMI TUNGGAL PERKASA,Indonesia,1
AGRICINAL,Indonesia,1
KARYA INDO SEJATITAMA,Indonesia,1
SWARNA NUSA SENTOSA,Indonesia,1
LAMBANG SAWIT PERKASA,Indonesia,1
MULTI MAKMUR MITRA ALAM,Indonesia,1
GRAHACIPTA BANGKOJAYA,Indonesia,1
SUMBERTAMA NUSAPERTIWI,Indonesia,1
MUARATOYU SUBUR LESTARI,Indonesia,1
CITRAKOPRASINDO TANI,Indonesia,1
NIRMALA ABDI DAMAI,Indonesia,1
FARINDA BERSAUDARA,Indonesia,1
PRIMA PALM LATEX INDUSTRI,Indonesia,1
KARYA MITRA ANDALAN,Indonesia,1
INECDA PLANTATIONS,Indonesia,1
SWAKARSA SAWIT RAYA,Indonesia,1
SINAR DINAMIKA KAPUAS,Indonesia,1
SERBA HUTA JAYA,Indonesia,1
GANDAERAH HENDANA,Indonesia,1
CISADANE SAWIT RAYA,Indonesia,1
FLORA WAHANA TIRTA,Indonesia,1
SURYA BRATASENA PLANTATION,Indonesia,1
MERBAUJAYA INDAHRAYA,Indonesia,1
KALIMANTAN SAWIT KUSUMA,Indonesia,1
GUNUNG SEJAHTERA DUA INDAH,Indonesia,1
MULTI PALMA SEJAHTERA,Indonesia,1
DAYA SEMESTA AGRO PERSADA,Indonesia,1
FORTIUS AGRO ASIA,Indonesia,1
BUMITAMA GUNAJAYA ABADI,Indonesia,1
ALAMRAYA KENCANA MAS,Indonesia,1
NAFASINDO,Indonesia,1
HUTA BAYU MARSADA,Indonesia,1
HARKAT SEJAHTERA,Indonesia,1
BUDI TANI KEMBANG JAYA,Indonesia,1
CAHAYA CEMERLANG LESTARI,Indonesia,1
PRIMA SAUHUR LESTARI,Indonesia,1
GRAHADURA LEIDONGPRIMA,Indonesia,1
SUNGAI RANGIT,Indonesia,1
GRAHA INTI JAYA,Indonesia,1
BUMI LANGGENG PERDANATRADA,Indonesia,1
PINAGO UTAMA,Indonesia,1
LIBO SAWIT PERKASA,Indonesia,1
SUMBER SAWIT JAYA LESTARI,Indonesia,1
SAMUDERA SAWIT NABATI,Indonesia,1
MANDIRI SAWIT BERSAMA,Indonesia,1
RANA WASTU KENCANA,Indonesia,1
MUSTIKA AGUNG SAWIT SEJAHTERA,Indonesia,1
INTAN SEJATI ANDALAN,Indonesia,1
SAWIT RIAU MAKMUR,Indonesia,1
SINAR SAWIT SUBUR LESTARI,Indonesia,1
DJAYA GLOBALINDO SENTOSA,Indonesia,1
BAHANA NUSA INTERINDO,Indonesia,1
SINAR PANDAWA,Indonesia,1
SINAR SAWIT LESTARI,Indonesia,1
BANGUN SEMPURNA LESTARI,Indonesia,1
DJAJA PUTRA INDONESIA,Indonesia,1
KWALA GUNUNG,Indonesia,1
INDOMAS MITRA TEKNIK,Indonesia,1
MITRA AGUNG SAWITA SEJATI,Indonesia,1
KARYA PRATAMA NIAGAJAYA,Indonesia,1
PERUSAHAAN PERKEBUNAN & DAGANG INDAH PONTJAN,Indonesia,1
AMAL TANI,Indonesia,1
SINAR LANGKAT PERKASA,Indonesia,1
MEGAH PUSAKA ANDALAS,Indonesia,1
PERKEBUNAN PERTANIAN PATI SARI,Indonesia,1
BEURATA SUBUR PERSADA,Indonesia,1
TRI AGRO PALMA TAMIANG,Indonesia,1
SAWITTA JAYA LAU PAKAM,Indonesia,1
SUMBER SAWIT MAKMUR,Indonesia,1
ASIA SAWIT MAKMUR JAYA,Indonesia,1
LADANG SAWIT MAS,Indonesia,1
WAHANA POTENSI GUNA,Indonesia,1
CIPTA USAHA SEJATI,Indonesia,1
HARAPAN JAYA SAWITA,Indonesia,1
MITRA BUMI,Indonesia,1
KARYA SERASI JAYA ABADI,Indonesia,1
SERDANG HULU,Indonesia,1
MAJU KALIMANTAN HADAPAN,Indonesia,1
TUNAS HARAPAN SAWIT,Indonesia,1
KEBUN PANTAI RAJA,Indonesia,1
MULTI PRIMA ENTAKAI,Indonesia,1
UNITED KINGDOM INDONESIA PLANTATION,Indonesia,1
MAKMUR ANDALAN SAWIT,Indonesia,1
ADIMULIA AGROLESTARI,Indonesia,1
PARNA AGROMAS,Indonesia,1
REZEKI KENCANA,Indonesia,1
TUNGGAL PERKASA PLANTATIONS,Indonesia,1
MITRA ANEKA REZEKI,Indonesia,1
SAGO NAULI,Indonesia,1
TAMORA AGRO LESTARI,Indonesia,1
SEWANGI SAWIT SEJAHTERA,Indonesia,1
PEPUTRA MASTERINDO,Indonesia,1
BUMI MENTARI KARYA,Indonesia,1
KIMIA TIRTA UTAMA,Indonesia,1
ROHUL SAWIT INDUSTRI,Indonesia,1
SEWANGI SEJATI LUHUR,Indonesia,1
GLOBAL KALIMANTAN MAKMUR,Indonesia,1
SAWIT ASAHAN INDAH,Indonesia,1
MULTI AGRO SENTOSA,Indonesia,1
BINA FITRI JAYA,Indonesia,1
MUTIARA UNGGUL LESTARI,Indonesia,1
EKA DURA INDONESIA,Indonesia,1
SUMBER JAYA INDAHNUSA COY,Indonesia,1
SUMBER ALAM MAKMUR SENTOSA,Indonesia,1
DHARMASRAYA LESTARINDO,Indonesia,1
PRAKARSA TANI SEJATI,Indonesia,1
PRODUK SAWITINDO JAMBI,Indonesia,1
SAWIT ANUGERAH SEJAHTERA,Indonesia,1
KENCANA PERSADA NUSANTARA,Indonesia,1
MERANGKAI ARTHA NUSANTARA,Indonesia,1
FAJAR SAUDARA KUSUMA,Indonesia,1
PALMA ABADI,Indonesia,1
BUKIT BARISAN INDAH PRIMA,Indonesia,1
BATANGHARI SAWIT SEJAHTERA,Indonesia,1
BUKIT BINTANG SAWIT,Indonesia,1
SEPANJANG INTISURYA MULIA,Indonesia,1
RICKY KURNIAWAN KERTAPERSADA,Indonesia,1
SUNGAI BAHAR PASIFIK UTAMA,Indonesia,1
UNGGUL WIDYA TEKNOLOGI LESTARI,Indonesia,1
MESKOM AGRO SARIMAS,Indonesia,1
TASIK RAJA,Indonesia,1
BICCON AGRO MAKMUR,Indonesia,1
KENCANA ANDALAN NUSANTARA,Indonesia,1
SIMPANG KANAN LESTARINDO,Indonesia,1
HERFINATA PALM AND PLANTATION,Indonesia,1
PALMA JAYA SEJAHTERA,Indonesia,1
BUANA WIRASUBUR SAKTI,Indonesia,1
GUNUNG MARAS LESTARI,Indonesia,1
GUNUNGSAWIT BINALESTARI,Indonesia,1
TELAGA HIKMAH,Indonesia,1
SUMBER SAWIT MEKAR,Indonesia,1
SINAR GUNUNG SAWIT RAYA,Indonesia,1
CAMPANG TIGA,Indonesia,1
PALMA MAS SEJATI,Indonesia,1
MAKMUR ABADI RAYA,Indonesia,1
CIPTA CHEMICAL MEDAN OIL,Indonesia,1
MUTIARA BUNDA JAYA,Indonesia,1
RAYA PADANG LANGKAT,Indonesia,1
JAYA PALMA NUSANTARA,Indonesia,1
ANUGERAH LANGKAT MAKMUR,Indonesia,1
SAWIT JAYA MAKMUR SENTOSA,Indonesia,1
SAWIT NAGAN RAYA MAKMUR,Indonesia,1
MINANGA OGAN,Indonesia,1
JAYA BARU PERTAMA,Indonesia,1
KARYA TANAH SUBUR,Indonesia,1
BUMI SAMA GANDA,Indonesia,1
ANUGRAH FAJAR REZEKI,Indonesia,1
BLANG KETUMBA,Indonesia,1
AGROKARYA PRIMA LESTARI,Indonesia,1
MITRA KARYA AGRO INDO,Indonesia,1
PALMAS DEL CESAR S.A.,Colombia,1
KENINGAU PALM OIL MILL SDN BHD,Malaysia,1
SUMBER KHARISMA PERSADA,Indonesia,1
TINTIN BOYOK SAWIT MAKMUR,Indonesia,1
INTI GUNA NABATI,Indonesia,1
JAYA MANDIRI SUKSES,Indonesia,1
BINA SAWIT NUSANTARA,Indonesia,1
AGRO SEJAHTERA MANUNGGAL,Indonesia,1
SUKSES KARYA SAWIT,Indonesia,1
PATIWARE,Indonesia,1
NIRMALA AGRO LESTARI,Indonesia,1
PUCUK JAYA,Indonesia,1
SRIWIJAYA PALM OIL INDONESIA,Indonesia,1
SINAR TENERA,Indonesia,1
BIO NUSANTARA TEKNOLOGI,Indonesia,1
BUANA KARYA BHAKTI,Indonesia,1
NIKMAT HALONA REKSA,Indonesia,1
NAULI SAWIT,Indonesia,1
ANDIKA PERMATA SAWIT LESTARI,Indonesia,1
SURYAINDAH NUSANTARA PAGI,Indonesia,1
GRAND MANDIRI UTAMA,Indonesia,1
CIPTATANI KUMAI SEJAHTERA,Indonesia,1
CHUMPORN PALM OIL INDUSTRY PUBLIC COMPANY LTD,Thailand,1
SELAPAN JAYA,Indonesia,1
LANGKAT NUSANTARA KEPONG,Indonesia,1
AGROACEITE SA,Guatemala,1
SANTA ROSA S.A.,Guatemala,1
BIMA PALMA NUGRAHA,Indonesia,1
RIAU KAMPAR SAHABAT SEJATI,Indonesia,1
PERSADA NUSA NABATI INDONESIA,Indonesia,1
SAWIT SUKSES SEJAHTERA,Indonesia,1
CHIN TECK PLANTATIONS BHD,Malaysia,1
PERSADA AGRO SAWITA,Indonesia,1
KARIMUN AROMATICS,Indonesia,1
SUMATERA MAKMUR LESTARI,Indonesia,1
ANSON OIL INDUSTRIES SDN BHD,Malaysia,1
KEMA DEVELOPMENT SDN BHD,Malaysia,1
SRI SENGGORA KILANG KELAPA SAWIT SDN BHD,Malaysia,1
LANGKAT SAWITHIJAU PRATAMA,Indonesia,1
KILANG MINYAK KELAPA SAWIT SEMANTAN SDN BHD,Malaysia,1
KILANG SAWIT C.P. SDN BHD,Malaysia,1
CITRA SAWIT HARUM,Indonesia,1
PUJAAN MAKMUR OIL MILL SDN BHD,Malaysia,1
SURYA UTAMA AGROLESTARI,Indonesia,1
ENG HONG PALM OIL MILL SDN BHD,Malaysia,1
PESONALINTAS SURASEJATI,Indonesia,1
SUTOPO LESTARI JAYA,Indonesia,1
HARN LEN CORPORATION BHD,Malaysia,1
HASNUR CITRA TERPADU,Indonesia,1
GAN TENG SIEW REALTY SDN BHD,Malaysia,1
BELL SRI LINGGA SDN BHD,Malaysia,1
POLA KAHURIPAN INTI SAWIT,Indonesia,1
KINTAP JAYA WATTINDO,Indonesia,1
KENCANA INTI PERKASA,Indonesia,1
CITRA PUTRA KEBUN ASRI,Indonesia,1
PANCASURYA AGRINDO,Indonesia,1
MEGA HIJAU LESTARI,Indonesia,1
RISDA ESTATES SDN BHD,Malaysia,1
USAHA AGRO INDONESIA,Indonesia,1
KAYUNG AGRO LESTARI,Indonesia,1
WANASARI NUSANTARA,Indonesia,1
GUNUNG PELAWAN LESTARI,Indonesia,1
AGROLESTARI SENTOSA,Indonesia,1
KH REGIONAL GROUP INC.,Guatemala,1
MULTI PERSADA GATRA MEGAH,Indonesia,1
SINAR AGRO RAYA,Indonesia,1
KALIMANTAN AGRO PUSAKA,Indonesia,1
MITRASARI PRIMA,Indonesia,1
BIMA AGRI SAWIT,Indonesia,1
SURYA GEMILANG AGRO MANDIRI,Indonesia,1
BINA MITRA MAKMUR,Indonesia,1
DHARMASRAYA SAWIT LESTARI,Indonesia,1
GOLDEN OILINDO NUSANTARA,Indonesia,1
TUNAS BARU LAMPUNG,Indonesia,1
JUGRA PALM OIL MILL SDN BHD,Malaysia,1
FELCRA JAYAPUTRA SDN BHD,Malaysia,1
AGRI EASTBORNEO KENCANA,Indonesia,1
VAREM SAWIT CEMERLANG,Indonesia,1
KILANG KELAPA SAWIT JERANTUT SDN BHD,Malaysia,1
WAWASAN KEBUN NUSANTARA,Indonesia,1
KALIMANTAN SANGGAR PUSAKA,Indonesia,1
SIN HUAT HIN,Malaysia,1
CAHAYA INTI SAWIT,Indonesia,1
PALUTA INTI SAWIT,Indonesia,1
GRUTI LESTARI PRATAMA,Indonesia,1
KARYA INDORATA PERSADA,Indonesia,1
INDOMAKMUR SAWIT BERJAYA,Indonesia,1
KUTAI AGRO LESTARI,Indonesia,1
KENCANA PERMATA NUSANTARA,Indonesia,1
LANGGAK INTI LESTARI,Indonesia,1
RAJA MARGA,Indonesia,1
RAUB MINING & DEVELOPMENT COMPANY SDN BHD,Malaysia,1
BELL-KSL SDN BHD,Malaysia,1
PERMATA HIJAU SARANA,Indonesia,1
RIMBO PANJANG SUMBER MAKMUR,Indonesia,1
SARI BUAH SAWIT,Indonesia,1
SEBANGA MULTI SAWIT,Indonesia,1
KRUING LESTARI JAYA,Indonesia,1
KILANG MINYAK KELAPA SAWIT LUM SDN BHD,Malaysia,1
SAWITA KARYA MANUNGGUL,Indonesia,1
SERI LANGAT PALM OIL MILL SDN BHD,Malaysia,1
PERKEBUNAN KALTIM UTAMA I,Indonesia,1
ADITUNGGAL MAHAJAYA,Indonesia,1
SAWIT GRAHA MANUNGGAL,Indonesia,1
BINAKARYA ERAMANDIRI,Indonesia,1
KUTAI BALIAN NAULI,Indonesia,1
BONTI PERMAI JAYA,Indonesia,1
ARRTU PLANTATION,Indonesia,1
MULTI PERKASA SEJAHTERA,Indonesia,1
MUSTIKA AGUNG SARANA SEJAHTERA,Indonesia,1
MUTIARA NUSA AGRO SEJAHTERA,Indonesia,1
OLEAGINOSAS SAN MARCOS LTDA,Colombia,1
SARANA ESA CITA,Indonesia,1
SAWIT KALTIM LESTARI,Indonesia,1
CIPTAMAS BUMISELARAS,Indonesia,1
PERKEBUNAN HASIL MUSI LESTARI,Indonesia,1
SUN SAWIT,Indonesia,1
GANDA BUANINDO,Indonesia,1
SAWIT MAS NUSANTARA,Indonesia,1
PALMINA UTAMA,Indonesia,1
SINTANG AGRO MANDIRI,Indonesia,1
BENUA LAWAS LESTARI,Indonesia,1
LINGGA TIGA SAWIT,Indonesia,1
FAJAR AGRO SEJAHTERA,Indonesia,1
AGRI BUMI SENTOSA,Indonesia,1
PRIMA JAYA LESTARI UTAMA,Indonesia,1
BANGUN TENERA RIAU,Indonesia,1
BASTIAN OLAH SAWIT,Indonesia,1
KARYA BAKTI AGRO SEJAHTERA,Indonesia,1
TIMURJAYA INDOMAKMUR,Indonesia,1
ASIATIC PERSADA,Indonesia,1
SERI MORIB PALM OIL MILL SDN BHD,Malaysia,1
SERI ULU LANGAT PALM OIL MILL SDN BHD,Malaysia,1
ANGSO DUO SAWIT,Indonesia,1
SAWITA PASAMAN JAYA,Indonesia,1
AGRO ABADI,Indonesia,1
BUNGO LIMBUR,Indonesia,1
BUANA SAWIT INDAH,Indonesia,1
GUNA SETIA PRATAMA,Indonesia,1
MULTI GUNA LESTARI ABADI,Indonesia,1
FAJAR SAUDARA LESTARI,Indonesia,1
TAYAN BUKIT SAWIT,Indonesia,1
KHARISMA AGRO SEJAHTERA,Indonesia,1
NIAGA MAS GEMILANG,Indonesia,1
LEOMAS ANUGERAH BERSAUDARA,Indonesia,1
YAPUTRA ALFA PALMINDO,Indonesia,1
SRI GANDA OIL MILL SDN BHD,Malaysia,1
FAIRCO AGRO MANDIRI,Indonesia,1
DIAN ANGGARA PERSADA,Indonesia,1
SEMUNAI SAWIT PERKASA,Indonesia,1
ARYA RAMA PRAKASA,Indonesia,1
KARYA ABADI SAMA SEJATI,Indonesia,1
SUMBER SAWIT NUSANTARA,Indonesia,1
LADANG TAPIS SDN BHD (LTSB),Malaysia,1
SURYABUMI AGROLANGGENG,Indonesia,1
KEDATON MULIA PRIMAS,Indonesia,1
KILANG MINYAK SAWIT MERU SDN BHD,Malaysia,1
AGRO WIJAYA INDUSTRI,Indonesia,1
PERSADA HARAPAN KAHURIPAN,Indonesia,1
MUSTIKA AGRO SARI,Indonesia,1
BUMI SAWIT SUKSES PRATAMA,Indonesia,1
CAKRA ALAM SEJATI,Indonesia,1
PEPUTRA SUPRA JAYA,Indonesia,1
CITRA SAWIT LESTARI,Indonesia,1
SRI INDRAPURA SAWIT LESTARI,Indonesia,1
BAHANA KARYA SEMESTA,Indonesia,1
TIMOR OIL PALM PLANTATION BHD,Malaysia,1
KARYA TEKNIK PLANTATION,Indonesia,1
SASMITA BUMI WIJAYA,Indonesia,1
AGRINA SAWIT PERDANA,Indonesia,1
BUMI DAYA AGROTAMAS,Indonesia,1
SYAUKATH AGRO,Indonesia,1
SUMBER SAWIT SEJAHTERA,Indonesia,1
WAIMUSI AGRO INDAH,Indonesia,1
SELATAN AGRO MAKMUR LESTARI,Indonesia,1
HUTAN ALAM LESTARI,Indonesia,1
CANDI ARTHA,Indonesia,1
PERSADA ALAM JAYA,Indonesia,1
PT LANGKAT NUSANTARA KEPONG,Indonesia,1
SENTOSA KALIMANTAN JAYA,Indonesia,1
LANANG AGRO BERSATU,Indonesia,1
ENSEM SAWITA,Indonesia,1
MULIA TANI JAYA,Indonesia,1
KHARISMA ALAM PERSADA,Indonesia,1
"BRADEN GROUP, S.A.",Guatemala,1
CIPTA FUTURA,Indonesia,1
KURNIA BATANG HARI BERJAYA,Indonesia,1
TEUPIN LADA,Indonesia,1
SENTOSA PRIMA AGRO,Indonesia,1
SAWIT INTI PRIMA PERKASA,Indonesia,1
PERTUBUHAN PELADANG NEGERI PERAK (PPNP),Malaysia,1
PRIMANUSA GLOBAL LESTARI,Indonesia,1
BERKAT SAWIT SUKAMAJU,Indonesia,1
DHARMASRAYA PALMA SEJAHTERA,Indonesia,1
SURYA SUMBER SAWIT ABADI,Indonesia,1
PALMA GEMILANG KENCANA,Indonesia,1
BALAM SAWIT SEJAHTERA,Indonesia,1
SELATAN AGUNG SEJAHTERA,Indonesia,1
PRIMA MAS LESTARI,Indonesia,1
PARASAWITA,Indonesia,1
GLOBALINDO AGRO LESTARI,Indonesia,1
ADIMULIA PALMO LESTARI,Indonesia,1
SRI ANDAL LESTARI,Indonesia,1
KARYA HEVEA INDONESIA,Indonesia,1
SAGO,Indonesia,1
KPN,Indonesia,1
TZEN PLANTATION,Papua New Guinea,1
MUSTIKA AGUNG SAWIT GEMILANG,Indonesia,1
PT HANUSENTRA AGRO LESTARI,Indonesia,1
SINDORA SERAYA,Indonesia,1
PARENTNAME IS MILLNAME,Indonesia,1
DUPONT & LEOSK ENTERPRISES SDN BHD,Indonesia,1